Feature,Importance
total_spend,0.6861861157693896
total_orders,0.1731827369568109
avg_rating,0.14063114727379958
